{
  "token_acc":1.0,
  "token_p":1.0,
  "token_r":1.0,
  "token_f":1.0,
  "ents_p":0.4993842365,
  "ents_r":0.3779123952,
  "ents_f":0.4302387268,
  "ents_per_type":{
    "LOC":{
      "p":0.5949820789,
      "r":0.5614430665,
      "f":0.5777262181
    },
    "DATE":{
      "p":0.6666666667,
      "r":0.4314381271,
      "f":0.523857868
    },
    "PER":{
      "p":0.1375,
      "r":0.1093439364,
      "f":0.1218161683
    },
    "ORG":{
      "p":0.0,
      "r":0.0,
      "f":0.0
    }
  },
  "speed":27451.8150064312
}