{
  "token_acc":1.0,
  "token_p":1.0,
  "token_r":1.0,
  "token_f":1.0,
  "ents_p":0.506773399,
  "ents_r":0.3835041938,
  "ents_f":0.4366047745,
  "ents_per_type":{
    "LOC":{
      "p":0.5949820789,
      "r":0.5614430665,
      "f":0.5777262181
    },
    "DATE":{
      "p":0.6666666667,
      "r":0.4314381271,
      "f":0.523857868
    },
    "PER":{
      "p":0.1675,
      "r":0.1332007952,
      "f":0.1483942414
    },
    "ORG":{
      "p":0.0,
      "r":0.0,
      "f":0.0
    }
  },
  "speed":28548.6880912708
}