{
  "token_acc":1.0,
  "token_p":1.0,
  "token_r":1.0,
  "token_f":1.0,
  "ents_p":0.6993333333,
  "ents_r":0.5929903901,
  "ents_f":0.641786479,
  "ents_per_type":{
    "DATE":{
      "p":0.7297297297,
      "r":0.686888454,
      "f":0.7076612903
    },
    "LOC":{
      "p":0.7800289436,
      "r":0.7591549296,
      "f":0.7694503926
    },
    "PER":{
      "p":0.4798657718,
      "r":0.3479318735,
      "f":0.4033850494
    },
    "ORG":{
      "p":0.5333333333,
      "r":0.1167883212,
      "f":0.1916167665
    }
  },
  "speed":27251.3231454043
}