{
  "token_acc":1.0,
  "token_p":1.0,
  "token_r":1.0,
  "token_f":1.0,
  "tag_acc":null,
  "pos_acc":null,
  "morph_acc":null,
  "morph_micro_p":null,
  "morph_micro_r":null,
  "morph_micro_f":null,
  "morph_per_feat":null,
  "sents_p":null,
  "sents_r":null,
  "sents_f":null,
  "dep_uas":null,
  "dep_las":null,
  "dep_las_per_type":null,
  "lemma_acc":null,
  "ents_p":0.373078521,
  "ents_r":0.4184529357,
  "ents_f":0.3944651878,
  "ents_per_type":{
    "LOC":{
      "p":0.6132983377,
      "r":0.7903043968,
      "f":0.6906403941
    },
    "PER":{
      "p":0.2187120292,
      "r":0.3578528827,
      "f":0.2714932127
    },
    "DATE":{
      "p":0.0,
      "r":0.0,
      "f":0.0
    },
    "MISC":{
      "p":0.0,
      "r":0.0,
      "f":0.0
    },
    "ORG":{
      "p":0.1404958678,
      "r":0.1075949367,
      "f":0.1218637993
    }
  },
  "speed":9871.4590828641
}